[{"model": "contenttypes.contenttype", "pk": 1, "fields": {"app_label": "admin", "model": "logentry"}}, {"model": "contenttypes.contenttype", "pk": 2, "fields": {"app_label": "auth", "model": "permission"}}, {"model": "contenttypes.contenttype", "pk": 3, "fields": {"app_label": "auth", "model": "group"}}, {"model": "contenttypes.contenttype", "pk": 4, "fields": {"app_label": "auth", "model": "user"}}, {"model": "contenttypes.contenttype", "pk": 5, "fields": {"app_label": "contenttypes", "model": "contenttype"}}, {"model": "contenttypes.contenttype", "pk": 6, "fields": {"app_label": "sessions", "model": "session"}}, {"model": "contenttypes.contenttype", "pk": 7, "fields": {"app_label": "app", "model": "client"}}, {"model": "contenttypes.contenttype", "pk": 8, "fields": {"app_label": "app", "model": "manufacturer"}}, {"model": "contenttypes.contenttype", "pk": 9, "fields": {"app_label": "app", "model": "phonemodel"}}, {"model": "contenttypes.contenttype", "pk": 10, "fields": {"app_label": "app", "model": "product"}}, {"model": "contenttypes.contenttype", "pk": 11, "fields": {"app_label": "app", "model": "order"}}, {"model": "contenttypes.contenttype", "pk": 12, "fields": {"app_label": "app", "model": "orderitem"}}, {"model": "app.client", "pk": 5, "fields": {"name": "Arthur", "surname": "King", "phone_num": "1111111"}}, {"model": "app.client", "pk": 6, "fields": {"name": "Ada", "surname": "Bezarius", "phone_num": "2222222"}}, {"model": "app.client", "pk": 7, "fields": {"name": "Light", "surname": "Yagami", "phone_num": "3333333"}}, {"model": "app.client", "pk": 8, "fields": {"name": "Agatha", "surname": "Christie", "phone_num": "44444444"}}, {"model": "app.client", "pk": 9, "fields": {"name": "Waffle", "surname": "House", "phone_num": "5555555"}}, {"model": "app.manufacturer", "pk": 4, "fields": {"name": "Apple", "address": "Main St. 76/15", "phone_num": "122 22 21", "site": "www.apple.com"}}, {"model": "app.manufacturer", "pk": 5, "fields": {"name": "Microsoft", "address": "Cool Av. 9/11", "phone_num": "233 33 32", "site": "www.micros.com"}}, {"model": "app.manufacturer", "pk": 6, "fields": {"name": "Lenovo", "address": "Hop's St. 5/51", "phone_num": "344 44 43", "site": "www.lenovo.com"}}, {"model": "app.phonemodel", "pk": 4, "fields": {"name": "iPhone 5s", "manufacturer": 1, "OS": "iOS", "CPU": 1, "core_num": 2, "sim_card_num": 1, "megapixels_num": 8.0}}, {"model": "app.phonemodel", "pk": 5, "fields": {"name": "iPhone 6", "manufacturer": 1, "OS": "iOS", "CPU": 1, "core_num": 2, "sim_card_num": 1, "megapixels_num": 8.0}}, {"model": "app.phonemodel", "pk": 6, "fields": {"name": "iPhone SE", "manufacturer": 1, "OS": "iOS", "CPU": 1, "core_num": 2, "sim_card_num": 1, "megapixels_num": 12.0}}, {"model": "app.phonemodel", "pk": 7, "fields": {"name": "Microsoft Lumia 640", "manufacturer": 2, "OS": "MSWin", "CPU": 1, "core_num": 4, "sim_card_num": 2, "megapixels_num": 8.0}}, {"model": "app.phonemodel", "pk": 8, "fields": {"name": "Lenovo Vibe", "manufacturer": 3, "OS": "Android", "CPU": 1, "core_num": 8, "sim_card_num": 2, "megapixels_num": 13.0}}, {"model": "app.phonemodel", "pk": 9, "fields": {"name": "Lenovo P70", "manufacturer": 3, "OS": "Android", "CPU": 1, "core_num": 8, "sim_card_num": 2, "megapixels_num": 13.0}}, {"model": "app.phonemodel", "pk": 10, "fields": {"name": "Lenovo C2", "manufacturer": 3, "OS": "Android", "CPU": 1, "core_num": 4, "sim_card_num": 2, "megapixels_num": 8.0}}, {"model": "app.product", "pk": 7, "fields": {"name": "iPhone 5S Silver", "p_model": 1, "price": 8499.0, "in_stock": 15}}, {"model": "app.product", "pk": 8, "fields": {"name": "iPhone 5S White", "p_model": 1, "price": 16999.0, "in_stock": 8}}, {"model": "app.product", "pk": 9, "fields": {"name": "Apple iPhone 6 Space Gray", "p_model": 2, "price": 16699.0, "in_stock": 20}}, {"model": "app.product", "pk": 10, "fields": {"name": "Apple iPhone 6 White", "p_model": 2, "price": 17699.0, "in_stock": 10}}, {"model": "app.product", "pk": 11, "fields": {"name": "Apple iPhone SE Silver", "p_model": 3, "price": 16999.0, "in_stock": 10}}, {"model": "app.product", "pk": 12, "fields": {"name": "Windows Lumia 640 DS Black", "p_model": 4, "price": 3399.0, "in_stock": 100}}, {"model": "app.product", "pk": 13, "fields": {"name": "Windows Lumia 640 DS White", "p_model": 4, "price": 4399.0, "in_stock": 3}}, {"model": "app.product", "pk": 14, "fields": {"name": "Lenovo C2 White", "p_model": 7, "price": 2999.0, "in_stock": 1}}, {"model": "app.product", "pk": 15, "fields": {"name": "Lenovo C2 Black", "p_model": 7, "price": 2999.0, "in_stock": 1}}, {"model": "app.product", "pk": 16, "fields": {"name": "Lenovo P70 Blue", "p_model": 6, "price": 4199.0, "in_stock": 5}}, {"model": "app.product", "pk": 17, "fields": {"name": "Lenovo P70 Red", "p_model": 6, "price": 4399.0, "in_stock": 5}}, {"model": "app.product", "pk": 18, "fields": {"name": "Lenovo Vibe k5 Plus", "p_model": 5, "price": 4999.0, "in_stock": 10}}, {"model": "app.product", "pk": 19, "fields": {"name": "Lenovo Vibe k5 Champaine Gold", "p_model": 5, "price": 4199.0, "in_stock": 12}}, {"model": "app.order", "pk": 1, "fields": {"client_id": 1, "date": "2016-07-27T20:12:54.193Z"}}, {"model": "app.order", "pk": 2, "fields": {"client_id": 2, "date": "2016-07-27T20:12:54.260Z"}}, {"model": "app.order", "pk": 3, "fields": {"client_id": 3, "date": "2016-07-27T20:12:54.326Z"}}, {"model": "app.order", "pk": 4, "fields": {"client_id": 4, "date": "2016-07-27T20:12:54.393Z"}}, {"model": "app.order", "pk": 5, "fields": {"client_id": 5, "date": "2016-07-27T20:12:54.460Z"}}, {"model": "app.order", "pk": 6, "fields": {"client_id": 1, "date": "2016-07-27T20:12:54.527Z"}}, {"model": "app.order", "pk": 7, "fields": {"client_id": 2, "date": "2016-07-27T20:12:54.616Z"}}, {"model": "app.orderitem", "pk": 1, "fields": {"order": 1, "product": 1, "quantity": 1}}, {"model": "app.orderitem", "pk": 2, "fields": {"order": 1, "product": 2, "quantity": 1}}, {"model": "app.orderitem", "pk": 3, "fields": {"order": 2, "product": 3, "quantity": 2}}, {"model": "app.orderitem", "pk": 4, "fields": {"order": 2, "product": 4, "quantity": 2}}, {"model": "app.orderitem", "pk": 5, "fields": {"order": 3, "product": 5, "quantity": 1}}, {"model": "app.orderitem", "pk": 6, "fields": {"order": 4, "product": 6, "quantity": 1}}, {"model": "app.orderitem", "pk": 7, "fields": {"order": 5, "product": 7, "quantity": 1}}, {"model": "app.orderitem", "pk": 8, "fields": {"order": 5, "product": 1, "quantity": 1}}, {"model": "app.orderitem", "pk": 9, "fields": {"order": 1, "product": 8, "quantity": 10}}, {"model": "app.orderitem", "pk": 10, "fields": {"order": 1, "product": 9, "quantity": 10}}, {"model": "app.orderitem", "pk": 11, "fields": {"order": 1, "product": 10, "quantity": 10}}, {"model": "app.orderitem", "pk": 12, "fields": {"order": 1, "product": 11, "quantity": 10}}, {"model": "app.orderitem", "pk": 13, "fields": {"order": 5, "product": 11, "quantity": 1}}, {"model": "app.orderitem", "pk": 14, "fields": {"order": 4, "product": 10, "quantity": 1}}, {"model": "auth.permission", "pk": 1, "fields": {"name": "Can add log entry", "content_type": 1, "codename": "add_logentry"}}, {"model": "auth.permission", "pk": 2, "fields": {"name": "Can change log entry", "content_type": 1, "codename": "change_logentry"}}, {"model": "auth.permission", "pk": 3, "fields": {"name": "Can delete log entry", "content_type": 1, "codename": "delete_logentry"}}, {"model": "auth.permission", "pk": 4, "fields": {"name": "Can add permission", "content_type": 2, "codename": "add_permission"}}, {"model": "auth.permission", "pk": 5, "fields": {"name": "Can change permission", "content_type": 2, "codename": "change_permission"}}, {"model": "auth.permission", "pk": 6, "fields": {"name": "Can delete permission", "content_type": 2, "codename": "delete_permission"}}, {"model": "auth.permission", "pk": 7, "fields": {"name": "Can add group", "content_type": 3, "codename": "add_group"}}, {"model": "auth.permission", "pk": 8, "fields": {"name": "Can change group", "content_type": 3, "codename": "change_group"}}, {"model": "auth.permission", "pk": 9, "fields": {"name": "Can delete group", "content_type": 3, "codename": "delete_group"}}, {"model": "auth.permission", "pk": 10, "fields": {"name": "Can add user", "content_type": 4, "codename": "add_user"}}, {"model": "auth.permission", "pk": 11, "fields": {"name": "Can change user", "content_type": 4, "codename": "change_user"}}, {"model": "auth.permission", "pk": 12, "fields": {"name": "Can delete user", "content_type": 4, "codename": "delete_user"}}, {"model": "auth.permission", "pk": 13, "fields": {"name": "Can add content type", "content_type": 5, "codename": "add_contenttype"}}, {"model": "auth.permission", "pk": 14, "fields": {"name": "Can change content type", "content_type": 5, "codename": "change_contenttype"}}, {"model": "auth.permission", "pk": 15, "fields": {"name": "Can delete content type", "content_type": 5, "codename": "delete_contenttype"}}, {"model": "auth.permission", "pk": 16, "fields": {"name": "Can add session", "content_type": 6, "codename": "add_session"}}, {"model": "auth.permission", "pk": 17, "fields": {"name": "Can change session", "content_type": 6, "codename": "change_session"}}, {"model": "auth.permission", "pk": 18, "fields": {"name": "Can delete session", "content_type": 6, "codename": "delete_session"}}, {"model": "auth.permission", "pk": 19, "fields": {"name": "Can add client", "content_type": 7, "codename": "add_client"}}, {"model": "auth.permission", "pk": 20, "fields": {"name": "Can change client", "content_type": 7, "codename": "change_client"}}, {"model": "auth.permission", "pk": 21, "fields": {"name": "Can delete client", "content_type": 7, "codename": "delete_client"}}, {"model": "auth.permission", "pk": 22, "fields": {"name": "Can add manufacturer", "content_type": 8, "codename": "add_manufacturer"}}, {"model": "auth.permission", "pk": 23, "fields": {"name": "Can change manufacturer", "content_type": 8, "codename": "change_manufacturer"}}, {"model": "auth.permission", "pk": 24, "fields": {"name": "Can delete manufacturer", "content_type": 8, "codename": "delete_manufacturer"}}, {"model": "auth.permission", "pk": 25, "fields": {"name": "Can add phone model", "content_type": 9, "codename": "add_phonemodel"}}, {"model": "auth.permission", "pk": 26, "fields": {"name": "Can change phone model", "content_type": 9, "codename": "change_phonemodel"}}, {"model": "auth.permission", "pk": 27, "fields": {"name": "Can delete phone model", "content_type": 9, "codename": "delete_phonemodel"}}, {"model": "auth.permission", "pk": 28, "fields": {"name": "Can add product", "content_type": 10, "codename": "add_product"}}, {"model": "auth.permission", "pk": 29, "fields": {"name": "Can change product", "content_type": 10, "codename": "change_product"}}, {"model": "auth.permission", "pk": 30, "fields": {"name": "Can delete product", "content_type": 10, "codename": "delete_product"}}, {"model": "auth.permission", "pk": 31, "fields": {"name": "Can add order", "content_type": 11, "codename": "add_order"}}, {"model": "auth.permission", "pk": 32, "fields": {"name": "Can change order", "content_type": 11, "codename": "change_order"}}, {"model": "auth.permission", "pk": 33, "fields": {"name": "Can delete order", "content_type": 11, "codename": "delete_order"}}, {"model": "auth.permission", "pk": 34, "fields": {"name": "Can add order item", "content_type": 12, "codename": "add_orderitem"}}, {"model": "auth.permission", "pk": 35, "fields": {"name": "Can change order item", "content_type": 12, "codename": "change_orderitem"}}, {"model": "auth.permission", "pk": 36, "fields": {"name": "Can delete order item", "content_type": 12, "codename": "delete_orderitem"}}]